brand,model,year,mileage,fuel_type,transmission,engine_size,horsepower,owner_count,price
Kia,Picanto,2010,246654,Petrol,Manual,2.0,163,3,1500
Honda,CR-V,2016,,Diesel,Automatic,3.0,194,3,3590.0
Honda,Jazz,,13158,Electric,Manual,,212,3,21580.0
Volkswagen,Polo,2008,364471,Electric,Manual,,200,2,1500
Mercedes-Benz,GLC,2014,185975,Diesel,Manual,1.6,139,3,7530.0
Jeep,Wrangler,2019,90351,Hybrid,Automatic,2.0,160,1,16480.0
Volkswagen,Polo,2013,134832,Petrol,Manual,3.0,143,1,3940.0
Lexus,UX,2016,108711,Petrol,Automatic,2.5,133,1,10680.0
Kia,EV6,2018,,Petrol,Automatic,1.6,128,2,4580.0
Audi,TT,2013,161668,Petrol,Manual,1.8,167,2,5840.0
Chevrolet,Malibu,,18967,Hybrid,Manual,2.5,200,4,20930.0
Chevrolet,Malibu,2015,105598,Electric,Manual,,155,2,8680.0
Nissan,X-Trail,2007,208897,Petrol,Automatic,1.4,139,2,1500
Jeep,Wrangler,2010,252896,Petrol,Manual,1.8,94,1,1970.0
Hyundai,Tucson,2019,81120,Hybrid,Manual,2.0,164,2,8320.0
Toyota,Land Cruiser,2020,49743,Diesel,Manual,3.0,202,1,11860.0
Mazda,CX-5,2008,266417,Petrol,Manual,2.0,155,2,1500
Kia,Sorento,2014,125362,Petrol,Manual,1.8,112,1,2910.0
Lexus,LX,2020,46637,Petrol,Automatic,1.2,137,1,21070.0
Kia,Stinger,2013,174469,Petrol,Automatic,1.8,138,2,1890.0
Hyundai,i10,2006,292569,Petrol,Automatic,3.0,167,,1500
Audi,Q7,2009,264733,Diesel,Manual,2.2,141,2,2460.0
Jeep,Renegade,2018,70583,Hybrid,Manual,2.5,164,2,11790.0
Mercedes-Benz,CLA,2014,176634,Diesel,Automatic,2.0,186,2,7610.0
Porsche,Cayenne,2014,196152,Petrol,Automatic,3.0,181,1,11760.0
Kia,Cerato,2022,29772,Diesel,Automatic,2.2,169,1,12130.0
Chevrolet,Malibu,2023,12891,,Automatic,1.6,134,1,24670.0
Hyundai,i10,2008,250065,Petrol,Manual,3.0,197,4,1500
Volkswagen,,2012,180889,Petrol,Manual,3.0,187,3,2540.0
Mazda,CX-5,2014,204275,Petrol,Automatic,1.6,141,1,3050.0
Honda,Jazz,2016,116599,Hybrid,Automatic,2.5,188,2,4930.0
Lexus,LX,2017,85199,Diesel,Automatic,3.0,195,4,9330.0
Jeep,Commander,2005,359644,Petrol,Manual,2.5,201,3,1500
Jeep,Gladiator,2022,42023,Hybrid,Automatic,3.5,257,3,26690.0
Hyundai,Sonata,2022,22114,Diesel,Automatic,2.0,169,2,15240.0
Audi,A3,2019,70819,Electric,Automatic,,224,2,26560.0
Porsche,Boxster,2022,17061,Hybrid,Automatic,3.5,191,4,71290.0
Porsche,Panamera,2019,69211,Diesel,Automatic,2.5,130,2,41300.0
Audi,A6,2016,,,,2.0,162,2,10930.0
Lexus,RX,2020,62537,Electric,Automatic,,189,2,31420.0
Lexus,LS,2017,82452,Petrol,Automatic,3.5,190,2,12890.0
Mazda,CX-30,2006,372858,Electric,Automatic,,204,2,1500
Porsche,911,2011,168545,Petrol,Manual,1.8,125,4,6370.0
Hyundai,i20,2015,140163,Diesel,Manual,2.5,171,1,3620.0
BMW,X3,2020,55690,Petrol,Automatic,2.5,177,1,24730.0
Nissan,Patrol,2016,122928,Diesel,Automatic,1.6,119,1,4970.0
Honda,Accord,2014,152280,Diesel,Manual,2.2,170,4,2650.0
Nissan,Kicks,2021,53459,Petrol,Manual,2.5,165,1,11560.0
Volkswagen,T-Roc,2013,132129,Electric,Automatic,,203,1,5700.0
Nissan,Navara,2018,96614,Diesel,Automatic,2.2,165,2,6650.0
Audi,RS6,2010,188405,Diesel,Manual,3.0,194,1,3230.0
Mercedes-Benz,A-Class,2005,263525,Petrol,Manual,1.6,140,1,1550.0
Toyota,RAV4,2018,113365,Petrol,Automatic,3.0,209,5,5100.0
Lexus,NX,2015,119933,Petrol,Manual,1.8,186,1,8220.0
Kia,Cerato,2005,264256,Hybrid,Manual,3.5,187,2,1500
Chevrolet,Spark,2013,90585,Petrol,Manual,3.5,172,,2970.0
Audi,A3,2017,148292,Diesel,Automatic,1.6,130,1,13930.0
Lexus,,2019,87078,Petrol,Manual,3.0,182,2,17870.0
Mazda,CX-3,2023,15698,,Automatic,2.0,179,2,18940.0
Nissan,Patrol,2023,17641,Petrol,Automatic,1.4,111,4,12230.0
Audi,Q3,2008,287844,,Manual,1.8,134,2,1650.0
Kia,Sportage,,229318,Hybrid,Automatic,3.5,192,4,1500
Toyota,Camry,2020,50088,Petrol,Manual,3.0,157,2,8440.0
Audi,Q7,2006,300356,Diesel,Automatic,2.5,166,1,1500
Audi,Q7,2012,223901,Diesel,Automatic,2.5,182,1,4450.0
Kia,Sportage,2021,39492,Diesel,Automatic,2.5,160,1,9920.0
Hyundai,Palisade,2013,228015,Petrol,Automatic,1.8,120,2,2070.0
Volkswagen,Touareg,2018,69618,Petrol,Manual,1.6,138,3,7020.0
Lexus,LX,2007,321129,Diesel,Automatic,1.6,146,1,1500
Mazda,CX-30,2014,189849,Hybrid,Automatic,3.5,184,2,3510.0
Lexus,LS,2023,11379,Electric,Automatic,,217,1,61510.0
Nissan,Altima,2010,161458,Electric,Automatic,,196,1,2300.0
Mazda,Mazda6,2013,180161,Petrol,Automatic,2.5,136,5,2140.0
Mercedes-Benz,C-Class,2015,77696,Hybrid,Automatic,1.8,156,1,13240.0
Kia,Sorento,2008,229842,Diesel,Manual,2.2,171,2,1500
Kia,EV6,2014,135270,Petrol,Automatic,1.2,91,2,2550.0
Hyundai,Kona,2022,25772,Petrol,Automatic,2.5,180,3,12020.0
Hyundai,Santa Fe,2016,123727,Petrol,Automatic,2.0,153,4,3300.0
Jeep,Gladiator,2014,162497,Diesel,Automatic,2.2,155,1,5680.0
Honda,Odyssey,2016,111462,Diesel,Automatic,2.0,183,3,4420.0
Chevrolet,Camaro,2017,105890,Hybrid,Manual,2.0,179,1,9820.0
Audi,A4,2015,126709,Petrol,Manual,1.6,117,3,8400.0
Porsche,718,2008,191295,Petrol,Automatic,2.5,118,1,5030.0
Toyota,RAV4,2008,293541,Hybrid,,3.5,218,1,1500
Jeep,Renegade,2010,180260,Petrol,Automatic,2.0,130,1,2290.0
Mercedes-Benz,E-Class,2014,141589,Electric,Manual,,187,1,12980.0
Ford,Explorer,2017,128884,Diesel,Manual,1.5,146,4,6030.0
Mercedes-Benz,CLA,2008,199308,Diesel,Manual,2.5,172,3,2280.0
Ford,Explorer,2016,182085,Petrol,Automatic,2.0,165,2,5330.0
Chevrolet,Camaro,2023,18991,Diesel,Automatic,2.2,181,1,22460.0
Toyota,Prado,2015,135373,Diesel,Automatic,3.0,173,4,3220.0
Mercedes-Benz,S-Class,2014,90555,Diesel,Automatic,1.6,128,3,9180.0
Nissan,Navara,2009,319921,Petrol,Automatic,2.0,144,,1500
Mazda,,2023,17840,Petrol,Automatic,2.0,147,1,21030.0
Hyundai,Kona,2006,228020,Petrol,Manual,1.2,153,2,1500
Porsche,Cayman,2017,123672,Diesel,Manual,3.0,178,2,21510.0
Lexus,UX,,261864,Petrol,Automatic,1.6,132,5,1740.0
Toyota,Fortuner,2008,180789,Diesel,Automatic,1.6,127,4,1500
BMW,5 Series,2006,254595,Diesel,Manual,3.0,201,3,1500
Chevrolet,Colorado,2023,,Diesel,Automatic,2.2,156,4,23160.0
Ford,Escape,2005,,Diesel,Automatic,3.0,185,1,1500
Lexus,GX,2010,188134,Electric,Automatic,,188,1,4310.0
Audi,,2013,152516,,Manual,3.0,185,1,6020.0
Honda,Civic,,200743,Petrol,Automatic,1.8,137,3,1860.0
Chevrolet,Camaro,2008,232296,Petrol,Manual,2.0,132,4,1500
BMW,X3,2012,265613,Petrol,Automatic,2.0,124,2,3120.0
,Picanto,2011,254515,Electric,Automatic,,205,2,1820.0
Nissan,Altima,2022,33726,Electric,Automatic,,222,1,24880.0
Toyota,Land Cruiser,2018,97679,Diesel,Automatic,1.5,133,1,7600.0
Honda,Civic,2016,128976,Petrol,Automatic,2.0,145,1,4710.0
Honda,Accord,2021,53874,Hybrid,Automatic,3.5,193,1,14820.0
Porsche,Macan,2005,257529,Diesel,Manual,1.5,112,4,1760.0
Volkswagen,Jetta,2008,296725,Electric,Automatic,,185,4,1500
Mercedes-Benz,GLC,2010,241058,Petrol,Automatic,1.6,151,1,3520.0
Porsche,Panamera,2007,225434,Electric,Manual,,196,2,4860.0
Jeep,Grand Cherokee,2022,35125,Petrol,Automatic,3.5,212,5,19470.0
Porsche,Macan,2011,223524,Diesel,Manual,1.6,167,4,5770.0
Honda,Accord,2019,73836,Petrol,,3.5,172,2,8300.0
BMW,5 Series,2017,90898,,Automatic,1.6,138,4,9230.0
Chevrolet,Tahoe,2007,286614,Petrol,Automatic,2.5,155,3,1500
Audi,Q3,2009,247871,Petrol,Automatic,3.0,154,,1930.0
Mazda,CX-5,2007,276398,Petrol,Automatic,,129,1,1500
Lexus,UX,2014,160291,Petrol,Automatic,3.5,207,1,6300.0
Volkswagen,Tiguan,2008,230523,Petrol,Automatic,1.6,124,1,1500
Porsche,,2016,142781,Petrol,Automatic,3.0,207,4,16840.0
Audi,Q7,2021,30341,Petrol,Automatic,2.0,162,1,30380.0
Nissan,Altima,2023,13441,Petrol,Automatic,1.4,122,3,14050.0
Mercedes-Benz,S-Class,2008,299343,Petrol,Automatic,1.8,152,3,1940.0
Honda,Accord,2009,250439,Electric,Automatic,,199,1,1570.0
Kia,Seltos,2019,72850,Diesel,Automatic,2.0,,2,6790.0
Mercedes-Benz,G-Class,2012,172624,Petrol,Automatic,1.2,116,2,5850.0
Volkswagen,Golf,2017,114326,Petrol,Manual,,141,2,5690.0
BMW,7 Series,2005,292253,Diesel,Automatic,1.5,,3,1500
Kia,Stinger,2017,126173,Hybrid,Manual,3.5,221,1,5470.0
Jeep,,2019,62299,Electric,Automatic,,210,2,26770.0
Audi,Q5,2007,148548,Petrol,Manual,3.0,195,1,2470.0
Mercedes-Benz,CLA,2016,76550,Diesel,Automatic,2.0,179,2,14950.0
Hyundai,i10,2006,272371,Petrol,Automatic,2.5,163,2,1500
Kia,Seltos,2017,104350,Petrol,Manual,1.2,158,1,4190.0
Chevrolet,Traverse,2012,142454,Petrol,Manual,1.8,166,,2670.0
Lexus,UX,,148251,Diesel,Automatic,,165,4,3950.0
Kia,Carnival,2020,62620,Hybrid,Automatic,1.8,149,2,9980.0
Nissan,Altima,2013,198076,Diesel,,1.6,142,2,2390.0
Volkswagen,Jetta,2012,178574,Hybrid,Manual,3.5,224,1,2960.0
Jeep,Compass,2010,183997,Petrol,Automatic,,156,,2750.0
Volkswagen,Polo,2022,17463,Petrol,Manual,1.8,158,4,16430.0
Mercedes-Benz,S-Class,2005,278341,Petrol,Manual,1.8,147,5,1500
Kia,EV6,2023,17725,Hybrid,Manual,2.0,182,4,14090.0
Chevrolet,Colorado,2006,296001,Electric,Automatic,,179,1,1500
Chevrolet,Spark,2007,379309,Hybrid,Automatic,3.5,190,2,1500
Mazda,Mazda3,2021,56473,Petrol,Automatic,3.5,191,3,10870.0
Jeep,Gladiator,2013,158407,Diesel,Automatic,1.5,126,1,4830.0
Toyota,Corolla,2006,269163,Electric,Automatic,,,3,1500
Jeep,Renegade,2021,23965,Petrol,Automatic,2.0,188,,19950.0
Mercedes-Benz,A-Class,2008,273424,Diesel,Manual,3.0,175,3,1920.0
Chevrolet,Spark,2017,101304,Diesel,Automatic,2.5,,2,8000.0
Toyota,Hilux,2016,56421,,Automatic,2.5,180,2,5650.0
Chevrolet,Malibu,2015,,Petrol,Automatic,3.0,216,2,5140.0
Porsche,Macan,2008,214196,Electric,Automatic,,207,2,6870.0
BMW,M5,2006,341297,Petrol,Manual,2.5,174,3,1500
BMW,X6,2005,291977,Petrol,Manual,1.8,127,3,1500
Audi,A4,2017,111494,Electric,Automatic,,195,3,18180.0
Ford,Explorer,2012,176506,Petrol,Automatic,1.4,138,4,2440.0
Toyota,Fortuner,2008,187485,Petrol,Manual,3.0,136,1,1500
Chevrolet,Blazer,2021,43116,Petrol,,1.2,178,4,12250.0
Ford,Explorer,2010,200558,,Automatic,2.0,127,1,2560.0
BMW,M5,2019,75557,Hybrid,Automatic,2.0,180,2,20900.0
BMW,X5,2006,321195,Petrol,Manual,2.0,133,2,1500
Toyota,Camry,2021,46772,Diesel,Automatic,2.0,196,2,13550.0
Audi,TT,2011,230329,Petrol,Automatic,1.2,134,2,3370.0
Jeep,Grand Cherokee,2020,,Diesel,Automatic,2.2,154,2,14380.0
Kia,Seltos,2009,208149,Electric,Automatic,,178,1,1830.0
Porsche,Panamera,2019,73479,Petrol,Manual,1.6,131,1,32960.0
Mercedes-Benz,GLC,,145340,Diesel,,2.0,162,1,7870.0
Nissan,Navara,2016,108370,,Automatic,,171,1,5260.0
Jeep,Commander,2011,147129,Hybrid,Manual,2.5,,4,3220.0
BMW,X6,2008,249693,Petrol,Automatic,1.6,175,1,2200.0
Ford,Mustang,2023,13911,Hybrid,Automatic,3.5,217,1,32110.0
Mercedes-Benz,S-Class,2022,28196,Petrol,Automatic,,158,1,42350.0
Mazda,MX-5,2015,119790,Petrol,Automatic,2.0,140,3,3600.0
Mercedes-Benz,E-Class,2013,,Diesel,Automatic,2.0,122,2,7180.0
Jeep,Gladiator,2023,18957,Diesel,Manual,2.5,176,3,23090.0
Jeep,Wrangler,2009,179462,Diesel,Automatic,2.0,175,1,2520.0
Hyundai,i10,2015,125181,Electric,Automatic,,180,1,5470.0
Lexus,UX,2014,153770,Diesel,Manual,2.0,172,1,6790.0
Toyota,Fortuner,2015,108369,Electric,Automatic,,229,1,7480.0
Chevrolet,Silverado,2022,19381,Petrol,Automatic,1.2,137,1,15800.0
Ford,Focus,2011,159631,Hybrid,Manual,2.5,206,2,2920.0
Toyota,Corolla,,115800,Petrol,Manual,2.0,141,1,3790.0
Ford,F-150,2014,184795,Diesel,Automatic,2.5,177,1,4310.0
Lexus,LS,2005,314904,Petrol,Automatic,1.8,156,1,1500
Toyota,Corolla,2017,84935,Electric,Manual,,210,1,8710.0
Audi,RS6,2022,20009,Petrol,Automatic,1.4,113,1,30740.0
Nissan,Navara,2006,235738,Electric,Manual,,,1,1500
Kia,Picanto,2012,159516,Petrol,Manual,3.0,167,1,1660.0
Hyundai,,2009,310201,Diesel,Automatic,1.5,103,1,1500
Hyundai,Tucson,2009,229104,Diesel,Manual,1.5,121,1,1500
BMW,X6,2016,77359,Electric,Automatic,,206,1,18590.0
,Sorento,2015,174625,Petrol,Automatic,2.5,,,2960.0
Porsche,Cayenne,2015,159735,Electric,Automatic,,185,2,19910.0
Audi,,2014,148730,Hybrid,Automatic,3.5,243,4,7240.0
Audi,A6,2006,,Petrol,Manual,1.8,136,1,1500
Audi,RS6,2019,36526,Diesel,Automatic,2.5,123,3,18740.0
Mercedes-Benz,GLE,2008,183765,Petrol,Manual,,146,1,2770.0
Honda,Odyssey,2014,124771,Diesel,Automatic,2.5,180,1,3430.0
Mazda,CX-9,2017,102047,Diesel,Manual,2.5,173,2,5950.0
BMW,M5,2012,150157,Electric,Automatic,,185,1,7970.0
BMW,X5,2016,158920,Petrol,Automatic,3.5,163,1,9860.0
Jeep,Avenger,2015,156015,Hybrid,Automatic,1.8,,3,6880.0
Chevrolet,Malibu,2021,44010,Hybrid,,2.5,194,4,16810.0
Jeep,Renegade,2011,221292,Petrol,Manual,3.5,197,2,2780.0
BMW,X6,2007,274967,Hybrid,Automatic,2.0,153,1,1580.0
Jeep,Wrangler,2008,289698,Petrol,Manual,1.8,161,5,1500
Honda,Jazz,2006,318159,Petrol,Automatic,,164,2,1500
Honda,Odyssey,2005,316039,,Manual,2.2,177,,1500
BMW,M3,2005,378061,Diesel,Manual,2.0,225,1,1500
Hyundai,Elantra,2015,141046,Petrol,Manual,1.4,158,3,2370.0
Hyundai,Tucson,2023,13422,Petrol,Automatic,1.6,139,5,10480.0
BMW,3 Series,2021,52398,Petrol,Manual,2.0,189,5,20860.0
Audi,TT,2022,17589,Hybrid,Manual,2.5,174,2,35960.0
Porsche,Panamera,2015,180569,Petrol,Manual,1.6,121,3,12650.0
Volkswagen,Touareg,,214935,Petrol,Automatic,3.5,201,,1500
Nissan,X-Trail,2012,269879,Petrol,Automatic,1.4,100,1,1840.0
Nissan,Kicks,2022,26941,Petrol,Automatic,1.8,121,1,12080.0
Ford,Ranger,2022,21472,Diesel,Manual,1.5,129,1,18930.0
Kia,Cerato,2011,191256,Petrol,Automatic,3.0,195,,1500
Nissan,Sunny,2019,46828,Petrol,Automatic,2.5,183,1,8640.0
Audi,A3,2011,164509,Petrol,Manual,2.0,153,2,3860.0
Kia,,2011,145880,Electric,Manual,,196,1,2150.0
Volkswagen,Touareg,2012,227683,Petrol,Automatic,3.0,188,5,2110.0
Nissan,Sunny,2022,14579,Hybrid,Automatic,2.5,190,1,15540.0
Honda,HR-V,2023,15639,Diesel,Manual,2.2,168,,19730.0
Porsche,Cayman,2018,83781,Petrol,Automatic,1.6,136,1,30520.0
Audi,RS6,,305821,Petrol,Automatic,3.0,189,1,1520.0
,Altima,2009,210153,Petrol,Automatic,1.2,141,1,1500
Honda,CR-V,2005,197836,Petrol,Automatic,,142,1,1500
Toyota,Corolla,,70887,Petrol,Manual,2.5,164,1,10820.0
Mercedes-Benz,G-Class,2012,200428,Petrol,Automatic,2.5,205,2,5270.0
Audi,Q3,2016,88068,Petrol,Automatic,1.6,165,4,8660.0
Volkswagen,T-Roc,2009,147360,Petrol,Automatic,2.5,199,1,1900.0
Toyota,Prado,2008,277840,Petrol,Automatic,2.5,207,2,1500
Toyota,Hilux,2012,182262,Diesel,Automatic,3.0,194,1,2670.0
Volkswagen,Touareg,2006,258280,Petrol,Manual,1.2,116,2,1500
BMW,5 Series,2022,25990,Diesel,Manual,2.2,181,3,25420.0
Volkswagen,Jetta,2010,161032,Petrol,Manual,2.0,136,2,1870.0
Kia,Picanto,2016,121961,Petrol,Automatic,2.0,137,4,2860.0
Nissan,Patrol,2010,220697,Diesel,Manual,1.5,127,3,1500
Volkswagen,Polo,2009,295517,Hybrid,Manual,1.8,174,2,1500
Ford,Focus,2019,83657,Hybrid,Automatic,3.5,234,4,11840.0
Honda,Civic,2014,155461,Petrol,Automatic,2.5,150,4,2400.0
Lexus,LS,2012,162438,Petrol,,1.6,130,2,4010.0
Chevrolet,Malibu,2012,78153,Petrol,Manual,3.5,209,1,4240.0
,A4,2005,,Diesel,Manual,1.6,145,4,1500
Jeep,Compass,2011,222656,Petrol,Manual,3.5,209,1,3100.0
Audi,TT,2019,80125,Petrol,Automatic,3.5,210,2,18700.0
Lexus,ES,2014,116026,Petrol,Automatic,3.5,205,1,8320.0
Chevrolet,Silverado,2007,168806,Petrol,Automatic,3.5,172,3,1500
Lexus,UX,2011,202096,Petrol,Manual,1.2,111,1,3340.0
Chevrolet,Colorado,2009,179382,Petrol,Automatic,1.4,107,2,1660.0
Porsche,911,2021,49862,Petrol,Automatic,1.2,129,2,45520.0
Lexus,IS,2019,62088,Petrol,Automatic,3.5,169,2,16420.0
Audi,TT,2015,132238,Petrol,Automatic,1.6,153,3,8600.0
Ford,Bronco,2008,302442,Petrol,Automatic,3.5,206,2,1500
Porsche,Cayenne,2020,57470,Diesel,Manual,1.6,117,2,40540.0
Jeep,Compass,2016,150067,Petrol,Manual,2.5,140,1,7290.0
Lexus,LS,2013,,Hybrid,Automatic,2.0,172,5,4790.0
Mercedes-Benz,GLE,2016,111521,Diesel,Automatic,1.5,167,1,15090.0
Jeep,Commander,2010,106974,Petrol,Manual,3.0,143,1,2900.0
Jeep,Renegade,2005,288821,Hybrid,,1.8,119,2,1500
Chevrolet,Silverado,2014,117076,Petrol,Manual,1.8,,3,4060.0
Chevrolet,Tahoe,2009,153803,Diesel,Automatic,1.5,127,2,1820.0
Audi,Q5,2019,76025,Petrol,Automatic,1.6,120,5,13680.0
Volkswagen,Golf,2009,261677,Petrol,Manual,2.0,163,2,1500
Chevrolet,Silverado,2009,196479,Electric,Automatic,,180,1,2480.0
Audi,A3,2010,132375,Petrol,Manual,3.0,162,2,4080.0
Hyundai,,2017,123481,Electric,,,213,1,7070.0
Mercedes-Benz,G-Class,2005,,Petrol,Automatic,1.2,106,1,1500
Nissan,Navara,2014,103916,Petrol,Automatic,2.0,154,2,3770.0
Lexus,LS,2012,139095,Petrol,Manual,2.5,175,1,4660.0
Kia,EV6,2013,129197,Petrol,Automatic,2.0,151,4,2050.0
Chevrolet,Tahoe,2007,257680,Diesel,Automatic,2.2,159,,1500
Volkswagen,T-Roc,2017,109308,Hybrid,Automatic,2.0,181,4,6620.0
Audi,Q5,,74334,Diesel,Automatic,3.0,226,2,20090.0
BMW,5 Series,2005,245859,Hybrid,Automatic,3.5,216,1,1550.0
Lexus,LX,2023,12766,Diesel,Automatic,,205,2,31180.0
Lexus,GX,2008,199842,Petrol,Automatic,1.2,86,2,2040.0
Volkswagen,Passat,2020,64958,Diesel,Automatic,3.0,196,1,15800.0
Audi,RS6,2010,,Petrol,Manual,1.6,122,4,2950.0
Ford,Bronco,2009,200820,Petrol,Automatic,,181,1,2030.0
Mercedes-Benz,GLC,2008,206955,Petrol,Automatic,3.5,213,1,3010.0
Toyota,Yaris,2019,91866,Diesel,Manual,3.0,192,2,8390.0
Kia,Sportage,2010,204094,Petrol,Automatic,3.0,178,2,1500
Nissan,X-Trail,2007,279100,Diesel,Automatic,2.5,196,3,1500
Audi,A6,2007,144207,Petrol,Automatic,1.4,163,3,1970.0
Chevrolet,Colorado,2005,156376,Petrol,Manual,3.5,175,1,1500
Nissan,Navara,2011,162080,Petrol,Manual,2.0,169,2,1640.0
Hyundai,i20,2006,182533,Diesel,Automatic,1.6,172,2,1500
Volkswagen,Polo,2020,55142,Petrol,Automatic,2.0,130,3,11590.0
Volkswagen,Tiguan,2011,215936,Hybrid,Manual,2.0,182,1,2330.0
Chevrolet,Traverse,2006,292688,Diesel,Automatic,2.2,195,1,1500
Audi,Q7,2007,341038,Diesel,Manual,2.0,134,1,1530.0
Nissan,Sunny,2022,36580,Petrol,Automatic,1.6,98,3,11080.0
Honda,Jazz,2016,87160,Petrol,Automatic,1.2,146,1,4440.0
Hyundai,Tucson,2012,225973,Petrol,Automatic,1.8,147,1,1500
Jeep,Compass,2018,105281,Petrol,Automatic,1.2,100,5,7570.0
Mercedes-Benz,GLE,2009,175950,Petrol,Automatic,2.5,145,2,3570.0
Lexus,RX,2010,245848,Electric,Manual,,176,2,3740.0
Toyota,Yaris,2007,388723,Diesel,Automatic,1.6,121,4,1500
,Sunny,2018,,Petrol,Automatic,1.8,106,3,6020.0
BMW,5 Series,2005,241844,Hybrid,Automatic,1.8,207,,1500
Mercedes-Benz,E-Class,2008,118944,Hybrid,Automatic,2.0,158,1,3950.0
Ford,Mustang,2023,11365,Petrol,Manual,1.8,159,1,20570.0
Nissan,X-Trail,2008,255191,Petrol,Automatic,1.4,151,2,1500
Mazda,CX-3,2012,166384,Diesel,Manual,1.6,141,1,2470.0
Lexus,GX,2013,193087,Diesel,Automatic,1.6,173,1,4560.0
Chevrolet,Malibu,2006,213575,Petrol,Automatic,3.0,182,1,1500
Ford,Ranger,2018,87106,Petrol,Manual,2.5,161,1,9850.0
BMW,M5,2022,22631,Electric,Manual,,199,1,48830.0
Toyota,Corolla,2013,144221,Petrol,Automatic,2.5,142,4,2230.0
Nissan,Qashqai,2010,282677,Petrol,Automatic,,165,3,1500
Toyota,RAV4,2006,,Diesel,Automatic,2.5,169,1,1500
Audi,A6,2010,231645,Petrol,Manual,1.6,155,4,2130.0
Porsche,Boxster,2023,16629,Petrol,Automatic,1.6,142,2,65830.0
Audi,Q5,2012,166310,Petrol,Manual,3.0,181,5,3570.0
Porsche,Taycan,2005,308581,Petrol,Automatic,1.6,,2,2010.0
Porsche,Cayman,2012,217309,Petrol,Manual,1.6,160,1,7900.0
Audi,A4,2015,138797,Petrol,Automatic,1.2,152,3,7160.0
Mazda,,2006,290267,Hybrid,Manual,1.8,139,2,1500
Jeep,Renegade,2023,23511,Hybrid,Automatic,2.5,163,1,31920.0
Lexus,UX,2018,109502,Diesel,Automatic,1.5,182,5,11430.0
Hyundai,i20,2017,123862,Electric,,,212,1,6930.0
,GLC,2012,123953,Diesel,Automatic,1.5,147,1,6900.0
Hyundai,i10,2008,201448,Petrol,Manual,1.6,130,1,1500
Ford,Edge,2007,288556,Hybrid,Automatic,2.5,187,1,1500
Porsche,911,2006,275275,Diesel,Manual,2.5,214,1,2940.0
Hyundai,Santa Fe,2007,279244,Hybrid,Manual,3.5,219,2,1500
Nissan,Patrol,2013,197457,Diesel,Manual,2.2,166,1,2570.0
BMW,X6,2007,276429,Petrol,Automatic,3.0,149,4,1500
Hyundai,i20,2020,57397,Petrol,Manual,3.0,168,1,8460.0
Kia,EV6,2015,142059,Hybrid,Automatic,1.8,188,4,2720.0
Ford,Escape,2007,195715,Petrol,Automatic,3.0,198,2,1500
Porsche,Macan,2013,138433,Hybrid,Manual,2.5,190,5,10780.0
Audi,A4,2020,75994,Diesel,Automatic,3.0,183,1,18820.0
Kia,Seltos,2011,199426,Electric,Automatic,,213,1,2310.0
Toyota,Fortuner,2009,250866,Diesel,Automatic,2.5,142,,1500
Mazda,CX-30,2005,327696,Petrol,Automatic,1.4,113,5,1500
Volkswagen,ID.4,2022,30257,Diesel,Automatic,1.5,157,3,16810.0
Honda,HR-V,2021,37426,Petrol,Automatic,3.0,171,2,11230.0
Chevrolet,Blazer,2014,,Petrol,,1.4,153,1,3720.0
Ford,Mustang,2022,,Diesel,Automatic,2.5,154,1,21450.0
BMW,5 Series,2018,75296,Petrol,Manual,2.5,156,3,14350.0
Kia,Seltos,2010,215075,Petrol,Manual,1.6,154,1,1500
Volkswagen,Touareg,2020,73922,Diesel,Automatic,3.0,162,2,12690.0
BMW,X3,2008,184432,Electric,Automatic,,197,1,3870.0
Honda,Odyssey,2011,250238,Diesel,Automatic,2.2,162,3,1500
Audi,A4,2016,,Electric,Automatic,,184,3,16490.0
Toyota,Corolla,2006,279850,Diesel,Automatic,3.0,,1,1500
Honda,Odyssey,2010,198008,Diesel,Manual,1.6,123,2,1500
Toyota,Yaris,2023,17281,Petrol,Automatic,3.0,162,2,18080.0
Hyundai,Elantra,2020,70497,Petrol,Automatic,2.5,143,2,8360.0
Jeep,Cherokee,2017,134017,Petrol,Automatic,2.0,143,1,8550.0
Nissan,Qashqai,2014,117336,Petrol,Automatic,1.8,120,1,3270.0
BMW,5 Series,2012,144799,Diesel,Automatic,3.0,192,2,4880.0
Kia,Picanto,2012,226656,Petrol,Manual,1.6,164,1,1640.0
Lexus,,2009,216823,Petrol,Manual,3.5,157,3,2080.0
Nissan,Kicks,2022,30608,Hybrid,Automatic,3.5,220,2,18310.0
Chevrolet,Malibu,2011,244904,Diesel,Automatic,3.0,,2,2120.0
Mercedes-Benz,GLC,2013,162259,Petrol,Automatic,1.4,127,1,7160.0
Hyundai,Santa Fe,2021,51840,Diesel,Automatic,1.5,125,2,11280.0
Toyota,RAV4,2023,23807,Diesel,Automatic,2.0,147,2,14940.0
Volkswagen,Jetta,2016,143277,Electric,,,174,5,6100.0
Toyota,Prado,2006,267359,Petrol,Manual,3.0,165,1,1500
Porsche,Boxster,2005,225073,Petrol,Automatic,1.4,173,,2090.0
Kia,Picanto,2005,244221,Diesel,Automatic,2.0,167,2,1500
,A3,2015,125148,Hybrid,Automatic,2.5,194,5,8060.0
Kia,Sportage,2005,289187,Petrol,Automatic,1.6,139,1,1500
Audi,A6,2006,328096,Electric,Automatic,,214,5,1500
Jeep,Avenger,2006,327600,Hybrid,Manual,2.5,197,1,1500
Mazda,BT-50,2017,133306,Petrol,Manual,1.2,130,3,4500.0
Jeep,Avenger,2007,,Petrol,Automatic,1.4,142,2,1500
Mercedes-Benz,C-Class,2010,190628,Petrol,Automatic,,151,3,3460.0
Lexus,NX,2012,134766,Hybrid,Automatic,3.5,201,4,5010.0
Volkswagen,Passat,2007,173609,Petrol,Automatic,1.4,,1,1500
BMW,5 Series,2009,242486,Petrol,Automatic,1.6,146,4,2250.0
Hyundai,Elantra,2007,262865,Petrol,Automatic,2.5,153,1,1500
Chevrolet,Traverse,2013,121025,Hybrid,Manual,1.8,129,3,3510.0
BMW,X5,2020,47787,Petrol,Automatic,3.0,180,1,22200.0
Jeep,Compass,2005,220031,Petrol,Automatic,3.5,206,1,1500
Nissan,Altima,2021,50705,Petrol,Automatic,1.6,154,3,9330.0
Chevrolet,Colorado,,,Petrol,Automatic,3.0,204,3,9860.0
Volkswagen,Tiguan,2010,257403,Petrol,Automatic,1.8,129,2,1640.0
Volkswagen,Golf,2021,49459,Petrol,Automatic,1.8,147,1,14850.0
Jeep,Renegade,2019,81930,Diesel,Automatic,2.0,160,1,14970.0
BMW,7 Series,2011,259490,Hybrid,Manual,2.5,208,1,3580.0
Chevrolet,Traverse,2016,105233,Petrol,Manual,1.4,104,1,6110.0
Lexus,GX,2016,104455,Hybrid,Automatic,3.5,237,1,11740.0
Chevrolet,Malibu,,70327,Electric,Manual,,168,2,18380.0
Porsche,718,2011,238767,Diesel,Automatic,,153,4,5870.0
Porsche,Cayenne,,147897,Petrol,Automatic,2.0,187,4,16020.0
Ford,Explorer,2017,107482,Petrol,Automatic,1.8,107,3,6650.0
BMW,X5,2023,11605,Petrol,Automatic,1.2,120,3,39640.0
BMW,X6,2006,346737,Petrol,Automatic,1.6,90,1,1500
Nissan,Qashqai,2022,40815,Petrol,Automatic,2.5,142,1,14960.0
Mercedes-Benz,GLC,2018,85814,Petrol,Automatic,2.5,165,2,19080.0
Chevrolet,Silverado,2008,173908,Electric,Manual,,175,2,2010.0
Audi,A6,2007,190999,Petrol,Automatic,1.2,118,2,2100.0
Kia,Sportage,2022,30872,Petrol,Automatic,1.6,139,4,11360.0
Mercedes-Benz,CLA,2016,155816,Petrol,Automatic,1.8,116,2,10030.0
Audi,A3,2007,271466,Diesel,Manual,2.2,167,1,1860.0
Nissan,Altima,,198106,Petrol,Manual,1.8,152,1,1500
Toyota,RAV4,2019,67134,Diesel,Automatic,2.5,148,2,9470.0
Honda,Accord,2013,225070,Petrol,Manual,1.2,134,1,2110.0
Mercedes-Benz,G-Class,2022,32813,Petrol,Automatic,1.4,157,1,35540.0
Porsche,Boxster,2017,105702,Petrol,Manual,3.0,167,3,26060.0
Toyota,RAV4,2013,162490,Petrol,Automatic,2.5,159,1,3100.0
Ford,Mustang,2010,193915,Petrol,Automatic,1.6,142,4,1690.0
BMW,X3,2016,193238,Petrol,,2.0,146,1,7710.0
Volkswagen,ID.4,2010,215049,Hybrid,Automatic,2.5,192,3,1720.0
Kia,Stinger,2010,,Petrol,Manual,3.0,180,2,1500
BMW,M5,2021,31121,Petrol,Automatic,3.0,191,1,34350.0
BMW,7 Series,2010,241574,Petrol,Automatic,3.5,189,4,2460.0
Toyota,Corolla,2012,202233,Diesel,Manual,3.0,222,2,2170.0
Porsche,Cayenne,2008,257397,Petrol,Manual,1.2,108,2,3740.0
Mazda,CX-9,2006,315913,Petrol,Manual,1.6,134,2,1500
Mazda,CX-30,2009,183729,Diesel,Manual,2.2,190,1,1500.0
Mercedes-Benz,CLA,2006,319029,Diesel,Manual,3.0,181,2,1500
Mercedes-Benz,C-Class,2012,172485,Hybrid,Automatic,1.8,172,5,4270.0
Kia,Stinger,2014,111866,Diesel,Automatic,3.0,208,1,3010.0
Lexus,LS,2016,81803,Electric,Automatic,,229,,15410.0
Lexus,GX,2022,27633,Diesel,Automatic,2.2,200,1,31410.0
Porsche,Boxster,2012,226177,Hybrid,Automatic,3.5,180,4,8950.0
Lexus,IS,2017,138560,Diesel,Automatic,2.0,184,1,12310.0
Hyundai,Kona,2013,206882,Diesel,Automatic,1.5,140,1,2230.0
Lexus,RX,2012,225268,Diesel,Automatic,1.5,177,4,3260.0
Mazda,MX-5,2008,298097,Diesel,Automatic,1.6,177,2,1500
Volkswagen,Passat,2017,106059,Diesel,Automatic,2.5,209,3,7130.0
Honda,Jazz,2014,,Petrol,Manual,3.5,185,1,2860.0
Nissan,Altima,2015,151098,Petrol,Automatic,1.6,170,1,3380.0
Jeep,Gladiator,,179134,Petrol,Automatic,,229,3,2930.0
Kia,Cerato,2005,214099,Petrol,Automatic,1.8,125,1,1500
Honda,Civic,,374158,Petrol,Automatic,2.5,149,3,1500
Mazda,Mazda6,2019,60512,Diesel,Automatic,1.5,150,5,7710.0
Lexus,RX,2017,122672,Diesel,Manual,2.0,176,2,10760.0
Hyundai,Sonata,2008,255370,Diesel,Manual,1.5,144,3,1500
Honda,CR-V,2007,332958,Petrol,Manual,1.4,131,2,1500
BMW,7 Series,2015,159915,Diesel,Automatic,1.5,158,,6860.0
Audi,Q3,2023,17282,Hybrid,Automatic,3.5,223,2,47690.0
Mercedes-Benz,G-Class,2006,216181,,Automatic,3.0,175,1,2160.0
Nissan,Patrol,2022,28933,Petrol,Automatic,3.5,182,1,14780.0
Chevrolet,Tahoe,2013,164401,Petrol,Automatic,1.4,113,1,3250.0
Audi,Q7,2015,163344,Hybrid,Automatic,1.8,191,5,7350.0
Chevrolet,Camaro,2022,38488,Diesel,,2.5,198,1,21150.0
Mazda,Mazda3,2013,117904,Diesel,Automatic,1.6,157,4,2700.0
Ford,Escape,2005,246857,Petrol,Manual,3.0,171,2,1500
Ford,Focus,2010,257080,Diesel,Automatic,3.0,233,2,1590.0
Nissan,X-Trail,2007,,Electric,Automatic,,187,1,1500
Hyundai,Santa Fe,2006,198200,Petrol,Manual,1.6,152,5,1500
Lexus,LS,2013,171306,Petrol,Automatic,,203,1,5760.0
Mercedes-Benz,A-Class,2022,29474,Petrol,Automatic,3.0,192,1,37610.0
BMW,X3,2011,184241,Petrol,Automatic,2.0,156,1,4320.0
Chevrolet,Tahoe,2012,196436,Petrol,Automatic,1.4,92,1,2500.0
,Palisade,2023,9352,Diesel,Automatic,2.2,146,2,16540.0
Audi,A4,2007,325616,Petrol,Automatic,3.0,211,1,1500
Kia,Sorento,2013,165440,Petrol,Manual,1.6,84,1,1910.0
Ford,Edge,2012,232049,Petrol,Manual,2.5,130,4,2200.0
Mercedes-Benz,C-Class,2005,155219,Hybrid,Automatic,2.5,211,4,1840.0
Porsche,Cayman,2017,103512,Petrol,Automatic,2.5,171,3,23130.0
BMW,3 Series,2014,145472,Hybrid,Automatic,2.0,193,3,7500.0
,CX-30,2008,245855,Diesel,Automatic,2.5,156,1,1500
BMW,X6,2016,118466,Diesel,Manual,2.5,178,5,8450.0
Toyota,Hilux,2012,183259,Petrol,Automatic,2.0,145,2,1960.0
Lexus,UX,2012,125201,Petrol,Automatic,3.0,158,1,4710.0
BMW,M3,2016,126237,Electric,Automatic,,214,1,15660.0
Chevrolet,Spark,2023,14682,Diesel,Automatic,1.6,164,1,21630.0
Porsche,Panamera,2016,161755,Petrol,Automatic,3.5,197,1,22970.0
,ES,2018,79233,Petrol,Automatic,2.5,141,3,12290.0
Mazda,MX-5,2008,172802,Petrol,Manual,,223,,1500
Ford,Mustang,2005,222059,Petrol,Automatic,3.5,184,,1500
Toyota,Prado,2006,250821,Diesel,Automatic,3.0,187,1,1500
Mazda,CX-5,2009,212296,Petrol,Automatic,3.5,224,3,1500
Volkswagen,Touareg,2012,231516,Diesel,Automatic,2.2,155,1,2460.0
BMW,X5,2013,148699,Diesel,Manual,2.5,177,2,6650.0
Honda,CR-V,2018,88260,Petrol,Automatic,1.4,115,1,6900.0
Audi,Q3,2017,140367,Petrol,Automatic,3.5,,4,9760.0
Porsche,911,2005,347522,Petrol,Automatic,3.0,158,1,1890.0
Toyota,Land Cruiser,2014,150225,Petrol,Automatic,1.4,109,1,3280.0
Porsche,Taycan,2020,67347,Petrol,Manual,1.6,115,1,39110.0
Chevrolet,Silverado,2021,36647,Petrol,Automatic,1.8,151,4,13160.0
Nissan,Sentra,2012,,Hybrid,Automatic,3.5,194,,2360.0
BMW,X5,2023,16206,Petrol,Automatic,1.4,120,1,35740.0
Toyota,Hilux,2010,226112,Petrol,Manual,1.2,164,1,1500
Ford,Mustang,2010,221242,Petrol,Manual,3.0,170,1,1990.0
Ford,Focus,2014,,Petrol,Manual,3.5,230,2,3500.0
Mazda,CX-3,2005,156599,Diesel,Automatic,1.5,147,2,1500
Honda,City,2021,62749,Petrol,Manual,3.5,186,2,10230.0
Hyundai,Kona,2013,176022,Petrol,Manual,1.8,179,1,2180.0
Nissan,Patrol,2014,111112,Diesel,Automatic,2.2,180,3,3200.0
Porsche,Boxster,2019,49588,Diesel,Manual,2.0,177,1,33350.0
BMW,5 Series,2006,256428,Hybrid,Automatic,2.0,159,1,1600.0
Audi,A4,2013,129974,Petrol,Manual,1.6,107,2,5840.0
Toyota,Land Cruiser,2017,97999,Diesel,Automatic,2.0,175,1,6790.0
Audi,Q5,2018,74630,Petrol,Automatic,2.0,146,1,17970.0
Nissan,Qashqai,2016,143185,Petrol,Manual,1.2,148,1,4110.0
Toyota,Camry,2022,31823,Hybrid,Automatic,1.8,197,1,16830.0
Nissan,Navara,2005,328717,Petrol,Automatic,1.2,86,2,1500
Mercedes-Benz,A-Class,2020,48523,Petrol,Automatic,2.5,157,2,25780.0
Mercedes-Benz,A-Class,2007,324051,Petrol,,2.0,,5,1500
Mercedes-Benz,CLA,2009,194261,Petrol,Automatic,1.6,127,1,3530.0
Nissan,Altima,2018,92530,Petrol,Automatic,,208,1,7870.0
Lexus,GX,2019,41732,Diesel,Automatic,3.0,207,1,21460.0
BMW,M3,2013,188241,Diesel,Automatic,1.5,123,2,6130.0
Jeep,Renegade,2016,77919,Petrol,Automatic,2.5,183,2,8620.0
Chevrolet,Silverado,2012,214643,Diesel,Automatic,1.6,141,,2670.0
Volkswagen,Golf,2008,193427,Diesel,Manual,1.5,180,1,1550.0
Audi,A6,2013,170698,Electric,Automatic,,195,2,7760.0
Jeep,Wrangler,2021,45022,Diesel,Automatic,2.0,170,3,17760.0
Lexus,RX,2009,215930,Petrol,Automatic,1.6,146,5,1830.0
Volkswagen,Tiguan,2017,109086,Petrol,Automatic,1.2,131,2,4960.0
Kia,,2009,161647,Petrol,Automatic,1.4,129,1,1500
Ford,Edge,2014,107701,Diesel,Manual,1.6,174,1,4810.0
Honda,,2017,119530,Diesel,Manual,2.5,189,1,5910.0
BMW,7 Series,2014,210978,Petrol,Manual,1.4,159,2,6170.0
Ford,Escape,2011,191550,Electric,Automatic,,206,2,3830.0
Volkswagen,Golf,2010,225421,Diesel,Manual,1.5,150,1,1580.0
BMW,M5,2009,202417,Petrol,Manual,2.5,151,3,2070.0
BMW,7 Series,2007,165566,Petrol,Automatic,1.2,129,1,2020.0
BMW,5 Series,2007,,Petrol,Automatic,1.8,128,1,1630.0
BMW,3 Series,2006,323861,Petrol,Automatic,1.2,105,1,1500
BMW,5 Series,2009,301774,Petrol,Automatic,1.4,113,4,1690.0
Kia,EV6,2020,60402,Petrol,Automatic,1.2,120,1,8080.0
Chevrolet,Spark,2016,113544,Petrol,Automatic,1.6,158,1,5760.0
Chevrolet,Spark,2005,300408,Diesel,Automatic,3.0,198,1,1500
Jeep,Renegade,2008,189928,Hybrid,Manual,3.5,215,1,2130.0
Lexus,IS,2019,77767,Petrol,Automatic,1.6,135,1,13740.0
Audi,Q3,2020,72787,Petrol,Manual,1.2,125,1,21760.0
Mazda,CX-30,2009,250560,Diesel,Automatic,2.5,175,3,1500
Nissan,Qashqai,2009,150935,Petrol,Automatic,1.4,164,4,1500
Lexus,LS,2014,161415,Petrol,Manual,3.5,178,2,6040.0
Lexus,LS,2017,97612,Diesel,,2.2,155,4,9960.0
BMW,X3,2011,215184,Hybrid,,1.8,143,4,3770.0
Hyundai,i10,2010,197128,Hybrid,Automatic,2.0,188,3,1500
Lexus,UX,2015,131104,Hybrid,Automatic,2.0,175,1,8300.0
Nissan,Navara,2005,325435,Petrol,Manual,3.0,187,2,1500
Kia,Sportage,2020,62319,Hybrid,Automatic,2.5,149,2,9070.0
Mercedes-Benz,S-Class,2012,262672,Petrol,Automatic,2.0,159,2,4250.0
Lexus,IS,2006,291367,Petrol,Automatic,1.4,105,1,1500
Nissan,Altima,2022,21713,Petrol,Automatic,1.4,,1,14250.0
BMW,5 Series,2021,47044,Diesel,Manual,1.6,150,,26400.0
Volkswagen,Passat,2022,26273,Electric,Automatic,,158,2,29160.0
,Taycan,2023,20541,Electric,Manual,,205,1,131500.0
Chevrolet,Tahoe,2005,335443,Petrol,Automatic,1.2,121,2,1500
,UX,2013,203710,Diesel,Automatic,2.5,174,2,5310.0
Hyundai,,2010,129676,Petrol,Automatic,2.0,169,,1500
Porsche,Cayman,2010,209789,Hybrid,Manual,2.5,160,4,4980.0
Jeep,Compass,2015,147848,Diesel,Automatic,,153,,6050.0
Honda,Pilot,2006,208608,Petrol,Automatic,1.4,131,3,1500
Porsche,Cayman,2019,79509,Electric,Automatic,,213,1,61850.0
Mazda,CX-30,2022,27244,Diesel,Automatic,2.0,136,1,16020.0
Volkswagen,Jetta,2014,132598,Hybrid,Manual,2.5,165,1,4630.0
Lexus,GX,,13200,Petrol,Manual,2.0,171,5,25200.0
Hyundai,i10,2015,123819,Petrol,,2.0,127,1,3490.0
Kia,EV6,2023,12655,Petrol,Automatic,,108,2,11850.0
Honda,Pilot,2019,78543,Petrol,Automatic,,169,1,8340.0
Honda,Civic,2014,,Diesel,Automatic,1.5,116,2,2890.0
Honda,Accord,2012,221379,Electric,Automatic,,178,1,3200.0
Porsche,Panamera,2021,53729,Petrol,Automatic,2.0,132,1,51620.0
Mazda,CX-30,2017,151053,Petrol,Automatic,3.0,178,1,7000.0
Kia,Seltos,2016,128863,Petrol,Manual,1.4,92,2,3380.0
Lexus,ES,2022,27364,Petrol,Automatic,3.0,216,1,31560.0
Jeep,Grand Cherokee,2014,142791,Petrol,Automatic,1.8,138,1,5390.0
Kia,Seltos,2023,10869,Electric,Automatic,,235,1,25560.0
Volkswagen,Passat,2016,103107,Diesel,Automatic,2.2,169,3,6640.0
Mercedes-Benz,GLC,2009,194093,Electric,Automatic,,191,2,5120.0
Ford,Mustang,2007,264086,Diesel,Automatic,2.2,166,2,1500
BMW,7 Series,2021,52237,Hybrid,Automatic,3.5,202,2,30170.0
Kia,Picanto,2005,236947,,Manual,3.5,173,1,1500
Nissan,Sunny,2012,230942,Diesel,Manual,2.2,,1,1800.0
Nissan,Qashqai,2015,185783,Diesel,Automatic,3.0,193,1,3700.0
Ford,Explorer,2013,135665,Diesel,Manual,2.5,145,1,3960.0
Kia,Sorento,2016,101482,Petrol,Manual,1.8,151,1,3860.0
Chevrolet,Traverse,2019,95230,Petrol,Automatic,1.2,117,1,10030.0
Jeep,Renegade,2014,163735,Petrol,Automatic,2.5,142,1,5450.0
Hyundai,i20,2018,77116,Petrol,Automatic,2.0,166,2,5880.0
Nissan,Sunny,2016,114720,Petrol,,3.5,236,2,4950.0
Hyundai,Tucson,2022,30754,Hybrid,Automatic,3.5,265,4,13400.0
Mercedes-Benz,GLC,2014,146742,Diesel,Automatic,1.6,133,2,8020.0
Chevrolet,Silverado,2020,53982,Petrol,,1.8,95,2,13600.0
Lexus,UX,2014,158936,Petrol,Automatic,1.4,124,1,6130.0
Audi,A4,2011,210556,Hybrid,Automatic,1.8,172,1,4500.0
Lexus,GX,2022,32549,Hybrid,Automatic,2.0,169,1,38350.0
Mercedes-Benz,GLC,,161995,Petrol,,1.2,102,2,4850.0
Chevrolet,Spark,2008,259418,Diesel,Automatic,2.5,157,1,1500
Honda,Odyssey,2007,309911,Petrol,Automatic,1.6,146,3,1500
Volkswagen,Passat,2007,278752,Petrol,Automatic,1.6,144,2,1500
Mercedes-Benz,S-Class,2009,238290,Diesel,Manual,1.6,153,2,2790.0
Ford,Bronco,2010,125529,Petrol,Automatic,1.2,,2,2090.0
Nissan,Sunny,2010,285510,,Automatic,2.0,163,3,1500
Volkswagen,Polo,2015,123440,Petrol,Automatic,3.0,176,1,4970.0
Chevrolet,Silverado,2006,256734,Petrol,,1.2,122,1,1500
Lexus,NX,2019,58564,Diesel,Automatic,3.0,172,3,17630.0
Audi,Q3,2011,,Petrol,Automatic,2.0,143,,4220.0
Ford,Escape,2008,247319,Hybrid,Manual,2.5,186,2,1500
BMW,X3,2013,170011,Petrol,Automatic,1.6,167,1,5790.0
Porsche,911,2012,192311,Electric,Automatic,,213,1,13650.0
BMW,7 Series,2017,95524,Petrol,Automatic,3.0,174,1,14820.0
,Tiguan,2008,204461,Petrol,Automatic,2.0,144,2,1500
Mazda,CX-5,2020,60977,Diesel,Automatic,2.2,149,2,12130.0
Jeep,Grand Cherokee,2022,26978,Petrol,Automatic,1.4,111,2,23130.0
Honda,Odyssey,,145471,Hybrid,Automatic,2.0,178,1,3700.0
Audi,RS6,2023,18874,Hybrid,,2.5,183,5,38390.0
Ford,Explorer,2011,177758,Diesel,Automatic,3.0,151,1,2960.0
,Traverse,2007,207880,Petrol,Automatic,2.0,145,3,1500
Porsche,Macan,2023,15119,Petrol,Manual,1.6,131,5,45640.0
Porsche,Macan,2006,302497,Petrol,Automatic,3.5,171,3,2450.0
Honda,HR-V,,97819,Diesel,Manual,2.0,154,1,3490.0
Jeep,Compass,2016,128138,Diesel,Automatic,1.5,125,1,7850.0
Toyota,Hilux,2009,250152,Diesel,Manual,3.0,160,2,1500
Jeep,Gladiator,2015,137756,Petrol,Automatic,1.4,131,1,5380.0
Mercedes-Benz,CLA,2007,226041,Diesel,Manual,2.0,167,1,2380.0
Volkswagen,Tiguan,2023,19960,Petrol,Automatic,1.8,140,1,20070.0
Lexus,NX,2009,162960,Diesel,Automatic,2.5,194,2,2680.0
Jeep,Compass,2014,131545,Petrol,Automatic,1.4,133,1,5870.0
Hyundai,i20,2006,238291,Petrol,Manual,1.4,167,1,1500
Jeep,Grand Cherokee,2023,10648,Petrol,,1.8,106,1,30040.0
Toyota,Fortuner,2013,199468,Diesel,Manual,,184,2,2230.0
Volkswagen,Touareg,2010,202094,Petrol,Manual,1.6,146,2,1680.0
Chevrolet,Camaro,2019,102988,Diesel,Manual,1.5,166,1,10500.0
Hyundai,Elantra,2011,220653,Hybrid,Automatic,1.8,200,1,1500
Lexus,ES,2018,119641,Petrol,Automatic,3.5,211,1,14460.0
Honda,Accord,2009,181986,Diesel,,2.2,190,4,1500
Lexus,ES,2022,26864,Petrol,Manual,3.0,181,1,27810.0
Mercedes-Benz,C-Class,2006,156098,Electric,Manual,,183,1,3440.0
Hyundai,i10,2020,65220,Petrol,Automatic,1.6,147,1,8030.0
Nissan,Kicks,2014,189791,Diesel,Manual,1.5,181,5,2300.0
,,2011,225166,Petrol,Manual,1.6,159,1,1800.0
Honda,Jazz,2010,243258,Petrol,Automatic,2.5,148,2,1500
Jeep,Commander,2017,101738,Petrol,Automatic,1.4,120,2,9690.0
Volkswagen,Polo,2016,116226,Hybrid,Automatic,1.8,146,4,5340.0
Honda,Pilot,2016,144432,Diesel,Automatic,3.0,173,1,5060.0
Kia,Seltos,2017,138000,Hybrid,Automatic,1.8,163,1,4800.0
Audi,Q7,2015,155070,Petrol,Manual,3.5,212,3,7510.0
Porsche,911,2011,197731,Electric,Manual,,196,3,9110.0
Lexus,RX,2018,108234,Petrol,Manual,1.6,,1,12180.0
Jeep,Cherokee,2005,304286,Diesel,Automatic,1.5,170,1,1500
Nissan,Navara,2005,347719,Petrol,,3.5,187,4,1500
Ford,,2014,141409,Petrol,Automatic,3.5,182,3,4220.0
Volkswagen,Passat,2009,132492,Hybrid,Manual,2.5,193,1,1920.0
Mercedes-Benz,GLE,2011,161457,Petrol,Automatic,3.5,210,1,5170.0
BMW,X5,2021,53139,Diesel,Automatic,2.2,145,1,27390.0
Volkswagen,Golf,2008,323820,Diesel,Automatic,,154,3,1500
BMW,7 Series,2019,84982,Petrol,Automatic,2.5,128,1,18220.0
Chevrolet,Spark,2007,244651,Diesel,Manual,1.5,101,1,1500
Audi,A6,2020,78066,Hybrid,Automatic,2.5,176,2,25600.0
,Boxster,2009,276045,Petrol,Automatic,3.0,159,3,4550.0
Mercedes-Benz,A-Class,2016,123125,Hybrid,Automatic,,208,2,14640.0
Chevrolet,Silverado,2010,234892,Petrol,Automatic,2.5,169,2,2010.0
BMW,X5,2008,231786,Petrol,Manual,3.0,161,1,2530.0
Kia,Sportage,2012,179520,Hybrid,Automatic,2.5,176,1,2100.0
Jeep,Compass,2005,276136,Diesel,Manual,2.5,162,2,1500
Mercedes-Benz,G-Class,2007,130595,Petrol,Manual,,224,4,2420.0
BMW,7 Series,2009,248210,Petrol,Manual,1.8,159,1,2430.0
Hyundai,i20,2014,191251,Electric,Automatic,,214,2,3930.0
Mazda,CX-5,2013,151324,Diesel,Automatic,3.0,147,2,3420.0
Mazda,CX-3,2006,257756,Petrol,Manual,1.4,155,1,1500
Kia,Stinger,2012,151311,Petrol,Automatic,1.8,161,4,1500
Jeep,Wrangler,2008,191229,Petrol,Automatic,2.5,160,1,1980.0
Volkswagen,Golf,2008,184320,Petrol,Automatic,3.0,171,2,1500
Volkswagen,Jetta,2022,14297,Diesel,Automatic,2.5,185,2,17080.0
BMW,X3,2022,33182,Diesel,Automatic,1.5,130,4,25410.0
Ford,F-150,2011,132776,Hybrid,Automatic,2.0,144,3,2740.0
Porsche,718,2007,218854,Diesel,Manual,1.6,179,2,3290.0
Ford,F-150,2015,158088,Petrol,Manual,1.8,174,5,3900.0
Lexus,ES,2010,131682,Diesel,Automatic,1.6,175,2,3550.0
Mercedes-Benz,E-Class,2019,58786,Diesel,Manual,3.0,196,2,22960.0
Lexus,NX,2022,19122,Petrol,Automatic,2.5,141,1,32830.0
Hyundai,Kona,2010,188246,Petrol,Manual,3.0,193,1,1500
Chevrolet,Camaro,2022,27096,Petrol,Automatic,1.2,98,3,17730.0
,RAV4,2020,58938,Petrol,Automatic,3.0,174,2,10910.0
Porsche,911,2023,14721,Petrol,Automatic,2.0,,1,75550.0
Jeep,Wrangler,2011,139134,Petrol,Manual,2.0,146,1,3400.0
Honda,City,2010,216031,Petrol,Automatic,2.0,158,1,1500
Chevrolet,Colorado,2010,199752,Petrol,Manual,2.0,193,1,1880.0
Toyota,Hilux,,56586,Electric,Manual,,198,2,10870.0
Ford,F-150,2016,133600,Diesel,Automatic,2.5,198,3,6490.0
Honda,Pilot,2019,75320,Electric,Manual,,205,2,12440.0
,Cayenne,2012,179214,Petrol,Manual,1.6,117,4,6480.0
Honda,CR-V,2008,339845,Petrol,Manual,1.6,143,1,1500
Ford,Mustang,2022,38794,Petrol,Automatic,3.5,166,4,16610.0
Toyota,RAV4,2011,169406,Petrol,Manual,1.2,124,1,1940.0
Kia,Stinger,2020,47466,Diesel,Automatic,1.5,158,1,11030.0
Porsche,Taycan,2023,11084,Petrol,Manual,3.0,203,4,62420.0
Nissan,Kicks,2018,86890,Diesel,Manual,2.5,198,1,6230.0
Mazda,,2012,220833,Petrol,Automatic,2.5,111,3,1950.0
Kia,Sorento,2007,218304,Petrol,Automatic,2.5,162,1,1500
Hyundai,Palisade,2023,12074,Petrol,Automatic,1.2,129,5,11150.0
,ID.4,2006,240149,Petrol,Manual,2.0,179,1,1500
Jeep,Grand Cherokee,2006,260729,Petrol,Automatic,1.6,100,4,1500
Jeep,Commander,2023,8124,Petrol,Manual,1.6,117,3,23470.0
Hyundai,Santa Fe,2014,163989,Petrol,Automatic,1.6,162,2,2400.0
Nissan,Qashqai,2013,179269,Petrol,Automatic,1.8,137,2,1970.0
BMW,5 Series,2013,182184,Electric,Automatic,,252,2,7570.0
Hyundai,Sonata,2019,84032,Petrol,Automatic,1.4,134,2,6170.0
Porsche,Panamera,2022,24903,Diesel,Automatic,2.5,186,3,50340.0
Lexus,LS,2018,94201,Electric,Automatic,,226,,15960.0
Mercedes-Benz,S-Class,2018,94291,Diesel,Automatic,1.6,155,3,15160.0
Lexus,LS,2017,101075,Petrol,Manual,1.8,108,2,10080.0
,BT-50,2016,103854,Diesel,Automatic,1.5,157,3,4640.0
Honda,HR-V,2010,246497,Diesel,Manual,1.6,162,1,1500
Honda,Civic,2019,53263,Petrol,Automatic,1.4,126,2,7110.0
Nissan,Qashqai,2010,205342,Petrol,Automatic,3.5,184,2,1500.0
Audi,Q3,2006,178308,Diesel,Manual,3.0,183,1,2050.0
,Odyssey,2006,311649,Petrol,Manual,3.0,161,3,1500
Audi,TT,2013,123655,Petrol,Automatic,1.8,135,2,5760.0
Ford,Ranger,2011,170001,Petrol,Automatic,3.5,176,1,2840.0
Hyundai,Tucson,2015,142416,,Automatic,3.5,211,2,4160.0
BMW,X5,2012,134064,Diesel,Manual,1.6,168,1,5610.0
Honda,Accord,,197023,Diesel,Manual,2.5,211,3,1500
Kia,Seltos,2019,94379,Petrol,Automatic,1.6,129,2,5780.0
BMW,M3,2016,104016,Diesel,Manual,2.0,160,2,9660.0
Chevrolet,Colorado,2005,237619,Petrol,Manual,3.5,174,2,1500
Hyundai,Tucson,2016,94438,Diesel,Manual,1.6,143,1,4500.0
Ford,Mustang,2014,171299,Diesel,Automatic,2.5,162,3,4320.0
Honda,City,2012,189119,Diesel,Manual,2.2,191,2,1830.0
Volkswagen,Polo,2010,177730,Petrol,Manual,1.8,129,3,1500
Kia,EV6,2009,177411,Petrol,Manual,2.0,149,2,1500
Nissan,Kicks,2008,221891,,Automatic,2.5,166,2,1500
Mazda,Mazda3,2006,223976,Petrol,Automatic,2.5,138,4,1500
Mercedes-Benz,S-Class,2007,218649,Petrol,Manual,1.6,115,1,2030.0
Audi,Q7,2006,297645,Petrol,Automatic,1.4,121,5,1500
Porsche,Taycan,2021,34070,Hybrid,,3.5,245,1,70170.0
Nissan,Sunny,2018,75194,Petrol,Automatic,2.5,170,1,7280.0
BMW,M3,2013,166340,Petrol,Manual,2.0,160,2,5310.0
Ford,Focus,2006,274837,Petrol,Automatic,1.2,120,1,1500
Porsche,Cayenne,2014,154817,Petrol,Automatic,,185,3,11400.0
Honda,Accord,2011,230158,Petrol,Manual,1.6,161,5,1500
Hyundai,Elantra,2006,284012,Petrol,Automatic,2.0,145,5,1500
Nissan,Kicks,2015,155438,Petrol,Automatic,2.0,171,3,2980.0
Porsche,Boxster,2018,121497,Hybrid,Automatic,,166,1,36280.0
Kia,Sorento,2023,14315,Petrol,Automatic,1.2,141,3,12860.0
Chevrolet,Silverado,2006,231780,Petrol,Automatic,1.2,118,2,1500
Ford,Edge,2023,6381,Petrol,Manual,1.8,152,4,19380.0
Toyota,Land Cruiser,2017,114893,Electric,Manual,,192,4,7200.0
BMW,5 Series,2016,117303,Diesel,Automatic,2.5,225,1,11660.0
Jeep,Wrangler,2010,225420,Diesel,Manual,1.6,158,1,2620.0
Chevrolet,Traverse,2019,80281,Petrol,Automatic,3.0,182,3,8990.0
Honda,CR-V,2023,13886,,Automatic,1.5,124,2,18030.0
BMW,5 Series,2022,21603,,Manual,2.5,195,1,34790.0
Jeep,Grand Cherokee,2012,220348,Petrol,Automatic,3.5,228,3,3300.0
Nissan,Patrol,2013,217078,Petrol,Manual,3.0,200,4,1760.0
Kia,Picanto,2018,122581,Diesel,Automatic,1.5,154,1,5460.0
Volkswagen,Jetta,2011,236232,Hybrid,Automatic,2.5,174,2,2320.0
Porsche,Cayenne,2017,84367,Petrol,Automatic,1.2,157,,25700.0
Mazda,,2013,186876,Petrol,Automatic,1.4,153,2,2660.0
Nissan,Kicks,2014,124162,Diesel,Automatic,2.0,165,2,3190.0
Porsche,Boxster,2012,175612,Petrol,Automatic,2.0,153,3,8000.0
Honda,City,2023,13714,Diesel,Automatic,2.5,157,3,15670.0
Audi,Q7,2020,65169,Petrol,Automatic,1.6,141,2,22070.0
Kia,Picanto,2008,223150,Petrol,Automatic,3.0,169,5,1500
BMW,,2012,220060,Petrol,Automatic,3.0,208,4,3960.0
Porsche,718,2008,145823,Diesel,Manual,1.6,138,4,4230.0
Honda,HR-V,2006,273235,Petrol,Automatic,1.4,178,2,1500
BMW,7 Series,2011,234949,Petrol,Automatic,2.5,211,3,3280.0
Lexus,GX,2017,111722,Diesel,Automatic,1.6,137,2,10220.0
Volkswagen,ID.4,2021,35382,Petrol,Automatic,2.5,150,2,15460.0
Jeep,Compass,2009,330138,Petrol,Automatic,2.5,138,1,1630.0
Honda,Accord,2008,205731,Electric,Automatic,,190,3,1500
,NX,2006,347868,Petrol,Manual,1.4,113,5,1500
Honda,Accord,2021,41264,Hybrid,Automatic,2.5,187,2,11680.0
Ford,F-150,2023,20625,Electric,Automatic,,191,2,39980.0
Hyundai,Kona,2020,62920,Petrol,Automatic,1.2,109,1,9160.0
Lexus,LS,2020,53048,Diesel,Manual,3.0,191,1,21950.0
Honda,Pilot,2017,98872,Petrol,Automatic,1.8,153,5,3870.0
Audi,TT,2009,219508,Diesel,Automatic,1.6,164,1,2880.0
Chevrolet,Silverado,2009,320190,Petrol,Manual,1.4,134,1,1500
Mazda,CX-3,2021,44757,Diesel,Automatic,1.5,157,1,14280.0
Honda,City,2013,189599,Hybrid,Automatic,3.5,243,4,2570.0
Chevrolet,Colorado,2012,155513,Diesel,Automatic,2.2,184,3,2960.0
Chevrolet,Colorado,2007,237732,Petrol,Manual,2.5,162,1,1500
BMW,X5,2005,318916,Diesel,Automatic,2.5,167,1,1500
Honda,Jazz,2006,360504,Diesel,Automatic,3.0,178,2,1500
Audi,A6,2010,123252,Diesel,Automatic,1.5,141,2,3890.0
Porsche,Cayman,2014,80961,Hybrid,Automatic,2.0,161,2,17050.0
Ford,Escape,2018,71072,Petrol,Automatic,2.5,156,2,8080.0
Chevrolet,Tahoe,2013,175209,Petrol,Automatic,3.0,137,5,2560.0
Porsche,718,2006,280924,Petrol,Automatic,1.4,137,1,2740.0
Honda,,2022,33603,Petrol,Automatic,2.0,131,2,12890.0
Lexus,GX,2009,188937,Diesel,Automatic,2.5,166,2,2880.0
Mercedes-Benz,S-Class,2010,202277,Diesel,Automatic,3.0,129,1,4060.0
Mercedes-Benz,GLC,2008,183009,Petrol,Automatic,3.0,197,1,2970.0
,Tiguan,2005,241159,Electric,Manual,,196,1,1500
Honda,CR-V,2021,47578,Diesel,Automatic,2.0,150,1,13320.0
BMW,X6,2006,269986,Petrol,Manual,2.5,178,3,1500
BMW,,2012,243681,Hybrid,Automatic,3.5,210,1,4790.0
Mercedes-Benz,CLA,2006,322313,Petrol,Automatic,3.0,157,3,1500
Hyundai,Palisade,2008,313947,Petrol,Manual,1.4,139,2,1500
Ford,Mustang,2013,103587,Electric,Automatic,,237,2,6030.0
BMW,7 Series,2023,,Electric,Manual,,194,2,48510.0
Lexus,UX,2009,295906,Hybrid,Manual,3.5,190,2,2070.0
Audi,A4,2008,228872,Diesel,Manual,2.2,159,2,2290.0
Honda,Accord,2015,90673,Electric,Automatic,,204,1,6280.0
Mazda,Mazda6,2005,358607,Petrol,Automatic,3.5,175,1,1500
Mazda,CX-30,2005,206674,Petrol,Manual,1.4,122,2,1500
Audi,Q7,2020,49380,Diesel,Manual,3.0,210,2,23030.0
Mercedes-Benz,A-Class,2005,334340,Electric,Manual,,197,2,1500
Porsche,911,2011,298247,Electric,Automatic,,258,2,8380.0
Lexus,LS,2011,224151,Hybrid,Automatic,2.5,155,1,3800.0
Hyundai,Sonata,2010,176068,Petrol,Automatic,3.5,212,,1500
Hyundai,Kona,2014,103137,Diesel,Automatic,2.5,205,1,2480.0
Mazda,Mazda6,2015,136685,Hybrid,Automatic,3.5,209,1,4730.0
Toyota,Land Cruiser,2020,56303,Diesel,Manual,3.0,200,1,10720.0
Toyota,Land Cruiser,2012,155243,Diesel,Automatic,3.0,189,1,3100.0
Porsche,Macan,2005,228153,Hybrid,Manual,2.5,206,5,2350.0
Ford,Edge,2008,250734,Petrol,Automatic,3.0,185,1,1500
Ford,Mustang,2015,98790,Petrol,Automatic,1.6,152,2,5300.0
Toyota,Hilux,2007,287581,Diesel,Automatic,2.5,163,2,1500
Honda,Jazz,,140809,Petrol,Automatic,3.0,188,,5340.0
,Golf,,119100,Petrol,Automatic,1.6,124,3,3680.0
Mercedes-Benz,C-Class,2008,237426,Petrol,Automatic,1.4,121,2,2210.0
Lexus,IS,2010,215188,Petrol,Automatic,,127,2,2920.0
Kia,Carnival,2011,190687,Petrol,Manual,2.0,159,3,1500
Mercedes-Benz,GLC,2020,60597,Petrol,Manual,3.5,212,2,28140.0
Honda,Odyssey,2012,199223,Hybrid,Automatic,2.5,,1,2130.0
Ford,Mustang,2010,266373,Diesel,Automatic,,179,2,2020.0
Lexus,LS,2020,77249,Diesel,Automatic,1.5,161,1,20840.0
Ford,Mustang,2007,254761,Diesel,Automatic,1.6,149,2,1500
Lexus,UX,2015,159502,Petrol,Manual,1.4,157,1,7000.0
Mercedes-Benz,CLA,2010,153445,Diesel,Manual,2.5,185,1,4690.0
Chevrolet,Silverado,2018,76398,Petrol,Manual,1.8,138,3,6800.0
Mazda,Mazda3,2016,121328,Electric,Automatic,,184,1,8550.0
Mercedes-Benz,A-Class,2011,181691,Hybrid,Manual,2.5,192,3,4940.0
Nissan,X-Trail,2010,300423,Petrol,Automatic,1.8,141,2,1500
BMW,M5,2018,119167,Petrol,Manual,1.6,120,1,13250.0
Mazda,CX-30,2005,315665,Petrol,Manual,1.4,156,3,1500
Nissan,Navara,2010,188229,Petrol,Automatic,,151,5,1500
Chevrolet,Silverado,2010,240718,Petrol,Automatic,3.0,160,1,2100.0
Hyundai,Kona,2020,60543,Petrol,Automatic,1.8,150,3,7830.0
Hyundai,Kona,2023,13578,Petrol,Manual,1.4,156,4,12980.0
Hyundai,i20,2014,118089,Petrol,Automatic,,166,1,3030.0
BMW,X5,2019,76474,Diesel,Manual,1.6,156,3,13750.0
Porsche,,2012,138976,Petrol,Automatic,1.4,121,2,8090.0
Lexus,UX,2011,219504,Hybrid,Manual,2.5,188,2,3490.0
,5 Series,2010,115329,Petrol,Manual,1.8,125,2,3520.0
Ford,Edge,2017,101755,Electric,Automatic,,200,2,13580.0
Chevrolet,Blazer,2021,41383,Petrol,Automatic,3.5,185,3,16230.0
Lexus,LS,2007,298580,Petrol,Manual,3.5,189,4,1500
Honda,City,2015,160462,Petrol,Automatic,1.6,109,2,3480.0
Mercedes-Benz,GLE,2006,228531,Petrol,Automatic,2.5,160,3,1500
Chevrolet,Traverse,2023,14350,Petrol,Automatic,3.5,,3,21080.0
Lexus,GX,2010,214081,Petrol,Automatic,3.0,185,4,2540.0
Honda,Accord,,66792,Petrol,Automatic,2.5,142,4,7100.0
Toyota,RAV4,2023,15846,Petrol,Automatic,3.5,205,1,23420.0
Porsche,Boxster,2018,125325,Hybrid,Automatic,3.5,242,1,33230.0
Porsche,Cayman,2014,152696,Diesel,Automatic,3.0,207,1,16710.0
Hyundai,i10,2021,38990,Petrol,Manual,1.8,,3,8480.0
Jeep,Avenger,2017,110874,Petrol,Manual,3.5,190,1,10280.0
Mercedes-Benz,GLE,2007,270333,Petrol,Manual,1.2,126,2,1500
Nissan,X-Trail,2014,176294,Hybrid,Manual,1.8,149,1,3220.0
Nissan,Kicks,2014,140391,Petrol,Manual,2.0,131,2,2570.0
Toyota,Yaris,2012,137405,,Automatic,2.2,,4,2110.0
Mazda,Mazda6,2007,271848,Petrol,Manual,1.8,112,4,1500
Hyundai,Elantra,2005,369177,Petrol,Automatic,2.0,146,1,1500
Chevrolet,Spark,2012,218901,Hybrid,Automatic,2.5,181,1,3510.0
Hyundai,Tucson,2010,189679,Hybrid,Manual,3.5,183,2,1500
Audi,A4,2014,123099,Petrol,Manual,3.5,169,2,9150.0
Hyundai,Palisade,2009,182819,Petrol,Automatic,1.6,109,1,1500
Hyundai,Sonata,2018,91411,Petrol,Automatic,1.4,137,4,5020.0
Jeep,Wrangler,2013,131499,Hybrid,Automatic,3.5,206,3,5180.0
Nissan,Qashqai,2018,80793,Diesel,,2.5,166,1,7900.0
Hyundai,Sonata,2017,90855,Petrol,Automatic,2.0,128,1,4850.0
Hyundai,Elantra,2009,224145,Hybrid,Automatic,1.8,174,1,1500
Kia,Cerato,2015,131461,Electric,Automatic,,186,,4570.0
Jeep,Grand Cherokee,2015,,Hybrid,Manual,1.8,196,1,7930.0
Ford,Escape,2013,137319,Hybrid,Automatic,2.0,127,4,4000.0
,X-Trail,2023,15092,Petrol,Manual,3.0,208,2,15960.0
Chevrolet,Malibu,2015,168103,Diesel,Automatic,2.5,200,2,4770.0
Mercedes-Benz,A-Class,2009,180919,Petrol,Automatic,1.8,122,2,3110.0
Ford,Mustang,2019,67720,Diesel,Automatic,1.5,121,2,10550.0
Volkswagen,Touareg,2005,287128,Electric,Manual,,179,3,1500
Nissan,Sunny,2021,50816,Petrol,Manual,3.0,203,3,9470.0
Honda,Jazz,2018,85338,Petrol,Automatic,1.6,115,1,7680.0
Mercedes-Benz,C-Class,2012,191167,Petrol,Manual,2.0,175,1,6200.0
Hyundai,Elantra,2020,48253,Petrol,Automatic,3.5,221,3,8810.0
Toyota,Fortuner,2014,103383,,Automatic,1.4,134,,2830.0
Mercedes-Benz,GLC,2022,20708,Petrol,Automatic,2.0,154,2,34050.0
Audi,RS6,2006,178115,Petrol,Manual,1.6,169,2,1600.0
Honda,Odyssey,2006,310866,Petrol,Manual,1.6,154,3,1500
Honda,Accord,2010,170500,Diesel,,2.2,164,5,1500
BMW,M5,2012,165446,Diesel,Manual,2.2,161,3,4120.0
Volkswagen,Touareg,2010,221690,Petrol,Manual,3.5,206,2,1740.0
BMW,M5,2009,289288,Electric,Automatic,,196,4,2790.0
Audi,A6,2019,77902,,Manual,3.0,157,3,13330.0
BMW,M3,2016,120597,Petrol,Automatic,1.6,180,1,9640.0
Toyota,Corolla,2018,102955,Petrol,Automatic,3.5,217,3,6800.0
Nissan,Qashqai,2005,269689,Hybrid,Manual,2.5,169,1,1500
Porsche,Macan,2020,52357,Petrol,Manual,3.0,159,1,44660.0
Toyota,Yaris,2012,185856,Diesel,Manual,3.0,213,1,2300.0
Chevrolet,Malibu,2021,47395,Hybrid,Automatic,2.0,166,5,13470.0
Mazda,Mazda3,2011,168735,Petrol,Automatic,1.8,169,,1900.0
Jeep,Wrangler,2021,52762,Diesel,Manual,1.6,113,4,18380.0
Porsche,Macan,2017,100714,Petrol,Automatic,3.0,190,1,25320.0
Porsche,Macan,2020,63091,Hybrid,Manual,2.0,181,2,46310.0
Mazda,CX-5,2022,26625,Petrol,Automatic,1.8,124,1,16680.0
Chevrolet,Tahoe,2013,192415,Petrol,Automatic,3.5,165,1,3550.0
Hyundai,Kona,2022,32762,Hybrid,Automatic,3.5,218,3,12950.0
Kia,Stinger,2005,275991,Petrol,Automatic,,170,1,1500
Mazda,Mazda3,2016,101356,Petrol,Manual,1.4,163,4,4320.0
Toyota,RAV4,2007,227987,Petrol,Manual,1.6,116,1,1500
Mercedes-Benz,,2016,95745,Petrol,Manual,1.2,113,5,9200.0
Lexus,RX,2012,194337,Petrol,Automatic,1.2,143,1,3510.0
Audi,TT,2013,136046,Petrol,Manual,3.0,149,3,5660.0
Hyundai,Tucson,2022,16654,,Automatic,1.6,127,2,12410.0
Lexus,LX,2016,156807,Petrol,Automatic,2.0,163,2,8240.0
Ford,Edge,2005,207156,Petrol,Manual,3.0,175,1,1500
Nissan,Patrol,2016,103230,Petrol,Automatic,3.0,213,2,3850.0
,911,2022,23029,Petrol,Manual,3.5,190,2,53430.0
,M3,2019,71969,Petrol,Automatic,3.5,160,2,17490.0
Jeep,Cherokee,2015,127534,Hybrid,Automatic,2.0,182,1,7820.0
Jeep,Cherokee,2022,34262,Diesel,Automatic,1.5,166,5,16940.0
Honda,Pilot,2008,230845,Hybrid,Automatic,2.0,201,3,1500
BMW,M5,2006,213275,Petrol,,,136,1,1500
Toyota,Fortuner,2019,50195,Petrol,Automatic,1.8,195,2,9350.0
Honda,HR-V,2023,19084,Petrol,Manual,2.5,181,1,18330.0
Honda,Pilot,2008,237599,Diesel,Manual,2.2,133,3,1500
,CX-5,2011,207795,Petrol,Automatic,2.0,168,2,1730.0
Audi,Q7,2018,90596,Diesel,Manual,1.5,155,2,13460.0
Chevrolet,Blazer,2022,18967,Petrol,Automatic,2.0,155,1,20780.0
Volkswagen,Touareg,2014,169811,Petrol,Automatic,3.5,173,1,4330.0
Mazda,BT-50,2013,161090,Hybrid,Manual,1.8,221,5,2720.0
Mazda,MX-5,2023,14250,Petrol,Manual,1.4,146,1,19340.0
Kia,Seltos,2006,292915,Petrol,Automatic,1.6,116,4,1500
Mercedes-Benz,S-Class,2013,,Petrol,Automatic,1.6,133,1,5590.0
Hyundai,Palisade,2007,206799,Petrol,Manual,1.4,163,2,1500
Jeep,Gladiator,2017,101453,Petrol,Automatic,,105,4,7960.0
Jeep,Cherokee,2020,73652,Petrol,Automatic,3.0,192,2,14190.0
Chevrolet,Silverado,2012,220648,Diesel,Manual,1.5,145,1,2860.0
Mazda,CX-9,2015,188377,,,2.5,202,1,4140.0
Audi,TT,2022,28371,Petrol,Automatic,1.2,136,5,23620.0
BMW,X3,2021,55214,Petrol,Automatic,3.0,189,1,26680.0
Mercedes-Benz,G-Class,2019,75218,Petrol,Automatic,1.8,155,1,24080.0
Honda,Jazz,2017,100896,Diesel,Manual,2.2,136,4,4320.0
Porsche,Macan,2018,91664,Petrol,Automatic,1.6,138,2,25860.0
Jeep,Compass,2021,36014,Hybrid,Automatic,2.5,197,1,24170.0
BMW,7 Series,2011,156227,Hybrid,Manual,2.0,190,2,4220.0
Jeep,Renegade,2007,217487,Petrol,Manual,1.2,110,1,1500
BMW,7 Series,2016,147312,Petrol,Automatic,3.0,201,1,9110.0
Mazda,Mazda3,2006,343284,Electric,Automatic,,195,1,1500
Volkswagen,Touareg,2011,287786,Petrol,Automatic,1.6,86,1,1960.0
BMW,5 Series,2023,19488,Diesel,Automatic,2.5,156,1,37130.0
Audi,Q5,2021,51901,Petrol,Automatic,1.6,143,1,29800.0
Nissan,Kicks,2008,279664,Hybrid,Automatic,2.5,212,2,1500
Audi,A4,2014,106561,Petrol,Manual,1.6,131,2,7310.0
Chevrolet,Silverado,2009,265304,Petrol,Automatic,3.5,177,4,1500
BMW,X3,2020,63394,Petrol,Automatic,2.5,131,2,21030.0
Chevrolet,Blazer,2014,194925,Petrol,Manual,1.6,162,2,3470.0
Jeep,Commander,2015,140798,Petrol,Manual,2.5,159,1,6600.0
Chevrolet,Blazer,2008,270001,Diesel,Automatic,2.5,192,1,1500
Kia,Cerato,2013,206472,Diesel,Automatic,1.6,185,2,1970.0
Toyota,Fortuner,2015,114654,,Manual,3.5,207,2,4530.0
Chevrolet,Traverse,2022,40873,Petrol,Automatic,1.8,175,1,20670.0
Volkswagen,Golf,2022,34456,Petrol,Automatic,1.2,145,2,15500.0
Jeep,Compass,2023,13184,Diesel,Automatic,2.0,111,4,22290.0
Lexus,LX,2005,284312,Petrol,Automatic,1.2,128,1,1500
Mercedes-Benz,S-Class,2022,32056,Diesel,Automatic,2.2,126,4,31450.0
Volkswagen,Polo,,101107,Diesel,,2.0,163,2,4420.0
Kia,Sorento,2011,172081,Petrol,Automatic,,229,2,1580.0
Volkswagen,ID.4,2008,191897,Petrol,Automatic,1.4,103,4,1500
Mazda,CX-5,2020,61947,Electric,Manual,,194,1,15970.0
Kia,Carnival,2017,101893,Petrol,Automatic,1.6,128,2,4620.0
Audi,TT,,169182,Hybrid,Manual,2.5,180,2,6540.0
Audi,A3,2015,158546,Petrol,Automatic,2.0,144,2,8520.0
Toyota,RAV4,2011,127766,Hybrid,Manual,2.0,202,1,2330.0
Hyundai,Tucson,,37165,Petrol,Automatic,1.2,119,2,10280.0
Mercedes-Benz,GLC,2005,195050,Petrol,Automatic,1.4,119,1,1700.0
Jeep,Grand Cherokee,2005,260762,Hybrid,Automatic,2.0,189,3,1500
Chevrolet,Camaro,2014,162472,Diesel,Automatic,2.5,161,4,3680.0
Hyundai,Santa Fe,2015,176891,Diesel,Automatic,1.5,,1,3380.0
Nissan,Sentra,2009,251155,Petrol,Automatic,2.0,130,2,1500
Volkswagen,Polo,,138974,Petrol,Automatic,3.0,182,3,5820.0
Toyota,RAV4,2011,236511,Petrol,,3.5,220,1,1910.0
Mazda,CX-30,2006,265949,Petrol,Automatic,1.2,134,1,1500
Mazda,BT-50,2020,67829,Petrol,,3.5,216,1,12200.0
Ford,Focus,2008,306269,Petrol,Automatic,1.2,123,5,1500
Porsche,718,2016,142141,Petrol,Automatic,1.8,173,2,18540.0
Nissan,Altima,2009,186449,Petrol,Automatic,3.5,181,1,1500
Jeep,Grand Cherokee,2005,262149,Petrol,Automatic,3.0,220,2,1500
Porsche,Taycan,2007,308860,Petrol,Automatic,1.6,137,1,2520.0
Mercedes-Benz,C-Class,2018,89038,Diesel,Automatic,1.6,177,4,17980.0
Chevrolet,Camaro,2007,232756,Electric,Manual,,190,1,1530.0
Honda,Civic,2013,179618,Electric,Automatic,,253,1,3560.0
Nissan,Qashqai,2015,142485,Petrol,Manual,1.2,119,3,3100.0
Chevrolet,Spark,2015,172291,Hybrid,Manual,2.5,175,1,5570.0
Mercedes-Benz,C-Class,2015,127287,Petrol,Automatic,2.0,131,1,11320.0
BMW,M3,2009,194691,Hybrid,Automatic,3.5,228,2,3400.0
Kia,Sorento,2017,88605,Diesel,Automatic,2.0,135,3,4490.0
Nissan,Navara,2013,,Petrol,Manual,2.0,138,3,2050.0
Kia,Stinger,2015,123026,Petrol,Manual,3.0,136,4,2470.0
BMW,3 Series,2023,13209,Electric,Automatic,,205,2,65840.0
Lexus,GX,2021,48733,Diesel,Automatic,3.0,181,2,23430.0
Mazda,BT-50,2022,25841,Diesel,Automatic,2.5,193,1,16550.0
Mercedes-Benz,C-Class,2023,16396,Diesel,Manual,2.0,184,2,45650.0
